<?xml version="1.0" encoding="UTF-8"?>
<project-private xmlns="http://www.netbeans.org/ns/project-private/1">
    <editor-bookmarks xmlns="http://www.netbeans.org/ns/editor-bookmarks/2" lastBookmarkId="0"/>
    <open-files xmlns="http://www.netbeans.org/ns/projectui-open-files/2">
        <group>
            <file>file:/home/phoebo/Área%20de%20Trabalho/GerenciadorDeConta/controller/src/gerenciadordeconta/GerenciadorDeConta.java</file>
            <file>file:/home/phoebo/Área%20de%20Trabalho/GerenciadorDeConta/controller/src/controller/Main.java</file>
            <file>file:/home/phoebo/Área%20de%20Trabalho/GerenciadorDeConta/controller/nbproject/build-impl.xml</file>
            <file>file:/home/phoebo/Área%20de%20Trabalho/GerenciadorDeConta/controller/src/model/Conta.java</file>
        </group>
    </open-files>
</project-private>
